text,stars
"I recently purchased the Echo Dot (Black) Combo with Wipro 9W Smart Color Bulb, and I'm thrilled with this smart home bundle. It combines the convenience of voice control with the versatility of smart lighting. Here's my review:Echo Dot (3rd Generation):Compact and Stylish: The Echo Dot is compact and fits seamlessly into any room. Its sleek design complements any decor, and the black finish adds a touch of elegance.Voice Assistant: Alexa, the voice assistant, is incredibly responsive and versatile. It answers questions, provides weather updates, sets alarms, and controls smart devices, making it a valuable addition to any smart home.Music and Entertainment: I love using the Echo Dot to stream music from various services. The sound quality is surprisingly good for its size, and it fills a room with clear audio. It also connects to other Echo devices for a multi-room music experience.Smart Home Control: With the Echo Dot, I can control my smart home devices effortlessly. Whether it's adjusting the thermostat, turning on lights, or locking doors, Alexa handles it all with voice commands.Wipro 9W Smart Color Bulb:Vibrant Colors: The Wipro smart bulb delivers vibrant and customizable colors. I can change the lighting to match my mood or create a specific ambiance for different occasions.Dimmable: The bulb is dimmable, allowing me to set the brightness to my liking. It's perfect for creating a relaxing atmosphere or brightening up a room.Voice Control: Integration with Alexa makes controlling the smart bulb a breeze. I can change colors, adjust brightness, or turn it on/off with simple voice commands.Scheduling and Automation: The Wipro app enables scheduling and automation. I can set timers to turn the light on and off at specific times or create routines for different scenarios.Energy-Efficient: The LED bulb is energy-efficient, helping reduce electricity consumption and lower energy bills.Setup and Compatibility:Setting up both the Echo Dot and the Wipro smart bulb was straightforward. They are compatible with a wide range of smart home devices, making them a central hub for home automation.Value for Money:This combo pack offers excellent value for money. You get a versatile smart speaker and a high-quality smart bulb at an affordable price.In conclusion, the Echo Dot (Black) Combo with Wipro 9W Smart Color Bulb is an excellent addition to any smart home. It provides convenience, entertainment, and enhanced lighting options. Whether you're new to smart home technology or looking to expand your existing setup, this bundle is a fantastic choice. It has made my daily routines more efficient and my living space more comfortable and enjoyable.",4.0
The voice response is good...it even recognise my younger son voice..Alexa doesn't support YouTube and some Apps.. .sometime it is not responsive even though the network is good.The sound quality is decent .,4.0
Awesome üëå üëè,4.0
Product is good with out any problems.But sound quality is not good,4.0
With in 2 year it‚Äôs get faulty the speaker is not working properly.,4.0
Excellent response,4.0
Accha product h,4.0
Good,4.0
Best in the market,5.0
5-Star,5.0
